,rollout/ep_rew_mean,time/fps,train/actor_loss,train/critic_loss,train/ent_coef,train/ent_coef_loss,train/learning_rate,eval/mean_ep_length,eval/mean_reward,rollout/ep_len_mean
0,-145.74386596679688,69.0,-15.340609550476074,0.14231419563293457,0.9231981635093689,-0.6715490818023682,9.999999747378752e-05,225.0,-157.92677307128906,225.0
1,-148.49781799316406,63.0,-23.799179077148438,0.16986200213432312,0.843723475933075,-1.430821180343628,9.999999747378752e-05,225.0,-152.94004821777344,225.0
2,-147.51065063476562,60.0,-30.625873565673828,3.243680000305176,0.7711094617843628,-2.182760238647461,9.999999747378752e-05,225.0,-142.735595703125,225.0
3,-147.7530975341797,57.0,-35.1363525390625,0.4311939775943756,0.7048521637916565,-2.93766188621521,9.999999747378752e-05,,,225.0
