,rollout/ep_rew_mean,time/fps,train/actor_loss,train/critic_loss,train/learning_rate,eval/mean_ep_length,eval/mean_reward,rollout/ep_len_mean
0,-85.11144256591797,144.0,0.8929218649864197,0.027918590232729912,9.999999747378752e-05,225.0,-79.71697235107422,225.0
1,-82.78881072998047,82.0,1.2835279703140259,0.03168303519487381,9.999999747378752e-05,225.0,-83.5867691040039,225.0
2,-83.16737365722656,56.0,1.5948911905288696,0.042303502559661865,9.999999747378752e-05,225.0,-85.11183166503906,225.0
3,-83.79354858398438,42.0,2.1620092391967773,0.058109134435653687,9.999999747378752e-05,225.0,-83.34498596191406,225.0
4,-83.57345581054688,34.0,2.8163599967956543,0.08528353273868561,9.999999747378752e-05,225.0,-83.28996276855469,225.0
5,-83.72460174560547,28.0,3.4400205612182617,0.10275857150554657,9.999999747378752e-05,225.0,-84.0473861694336,225.0
6,-83.7034912109375,24.0,4.0831685066223145,0.12808942794799805,9.999999747378752e-05,225.0,-85.61271667480469,225.0
7,-83.79029083251953,21.0,4.7763991355896,0.15227659046649933,9.999999747378752e-05,,,225.0
