,rollout/ep_rew_mean,time/fps,train/actor_loss,train/critic_loss,train/ent_coef,train/ent_coef_loss,train/learning_rate,eval/mean_ep_length,eval/mean_reward,rollout/ep_len_mean
0,-180.74807739257812,79.0,-12.569869995117188,0.5859757661819458,0.9369881749153137,-0.5461266040802002,9.999999747378752e-05,225.0,-171.70843505859375,225.0
1,-172.02874755859375,53.0,-20.88223648071289,1.4906030893325806,0.8563032150268555,-1.302565336227417,9.999999747378752e-05,225.0,-157.21017456054688,225.0
2,-168.14797973632812,41.0,-27.34271240234375,1.7392849922180176,0.7826010584831238,-2.054760456085205,9.999999747378752e-05,225.0,-172.47332763671875,225.0
3,-170.84059143066406,33.0,-31.742956161499023,1.1774266958236694,0.7152957320213318,-2.804917812347412,9.999999747378752e-05,,,225.0
