,time/fps,train/actor_loss,train/critic_loss,train/learning_rate,eval/mean_ep_length,eval/mean_reward,eval/success_rate,rollout/success rate
0,540.0,0.4898476004600525,0.025543028488755226,9.999999747378752e-05,50.0,-31.32901954650879,0.0,0.0
1,184.0,0.7196276187896729,0.015938231721520424,9.999999747378752e-05,,,,0.0
2,154.0,0.9754309058189392,0.017353149130940437,9.999999747378752e-05,,,,0.0
3,142.0,1.120914340019226,0.024360734969377518,9.999999747378752e-05,,,,0.0
4,117.0,,,,,,,0.0
