,rollout/ep_rew_mean,time/fps,train/actor_loss,train/critic_loss,train/ent_coef,train/ent_coef_loss,train/learning_rate,eval/mean_ep_length,eval/mean_reward,rollout/ep_len_mean
0,-68.34918212890625,72.0,-14.828588485717773,0.7330827713012695,0.9323412775993347,-0.5881017446517944,9.999999747378752e-05,225.0,-68.6480712890625,225.0
1,-66.14456176757812,67.0,-23.86652946472168,1.6226222515106201,0.8606575131416321,-1.2583255767822266,9.999999747378752e-05,225.0,-72.06620788574219,225.0
2,-67.43724060058594,58.0,-32.86737823486328,1.950907588005066,0.7788390517234802,-2.088792085647583,9.999999747378752e-05,225.0,-70.54035949707031,225.0
3,-67.92125701904297,55.0,-38.79435729980469,2.284937620162964,0.7191267013549805,-2.747382402420044,9.999999747378752e-05,,,225.0
