,time/fps,train/actor_loss,train/critic_loss,train/ent_coef,train/ent_coef_loss,train/learning_rate,eval/mean_ep_length,eval/mean_reward,eval/success_rate,rollout/success rate
0,123.0,-5.677257061004639,0.25808611512184143,0.9902442693710327,-0.06605929881334305,9.999999747378752e-05,50.0,-25.844146728515625,0.0,0.0
1,85.0,-7.659643173217773,0.5181190967559814,0.9706390500068665,-0.20010539889335632,9.999999747378752e-05,,,,0.0
2,76.0,-9.427947998046875,0.9219555854797363,0.9514193534851074,-0.3352469503879547,9.999999747378752e-05,,,,0.0
3,73.0,-11.072885513305664,1.705484390258789,0.9325900077819824,-0.46859514713287354,9.999999747378752e-05,,,,0.0
4,67.0,-12.48817253112793,3.099611282348633,0.9141286015510559,-0.6017907857894897,9.999999747378752e-05,,,,0.0
5,66.0,-14.017199516296387,2.8838884830474854,0.8960356116294861,-0.7399687170982361,9.999999747378752e-05,,,,0.0
