index,dist_bottom,dist_entrance,iter,rep,reward,reward_samples,seed,success_rate,success_rate_full,total_samples,ts
0,0.27531770101716163,0.32060053485163265,0.0,0.0,54.66814702127387,"[-76.50249213701001, 210.76589202217676, -74.1782742932999, -25.941587865236148, -34.06417136335411, -35.44420142064732, -37.19904360920015, -46.894709675459474, -80.050583044585, -38.78617330521848]",0.0,0.0,0.0,20.0,2021-09-10 16:21:29.472661
