,eval/mean_reward,time/fps,train/actor_loss,train/critic_loss,train/ent_coef,train/ent_coef_loss,train/learning_rate,eval/mean_ep_length
0,-417.6149597167969,78.0,-68.0384750366211,2.828091621398926,0.6907151937484741,-4.965296745300293,9.999999747378752e-05,1000.0
1,-360.3680419921875,71.0,-99.33161163330078,8.273416519165039,0.46327534317970276,-10.229247093200684,9.999999747378752e-05,1000.0
2,-419.208251953125,71.0,-107.04248046875,11.796786308288574,0.31049665808677673,-15.588973045349121,9.999999747378752e-05,1000.0
3,-442.0269470214844,71.0,-102.28459167480469,12.950800895690918,0.20835673809051514,-20.605182647705078,9.999999747378752e-05,1000.0
4,-364.6628723144531,71.0,-90.88998413085938,9.364384651184082,0.14003871381282806,-25.11311912536621,9.999999747378752e-05,1000.0
5,-475.3431396484375,70.0,-77.01051330566406,5.563268661499023,0.09426642954349518,-28.7643985748291,9.999999747378752e-05,1000.0
6,-414.94244384765625,71.0,-63.00625991821289,6.0172905921936035,0.0635850727558136,-31.38099479675293,9.999999747378752e-05,1000.0
7,-486.1842956542969,70.0,-49.44510269165039,4.205828666687012,0.042949046939611435,-33.363407135009766,9.999999747378752e-05,1000.0
