,rollout/ep_rew_mean,rollout/success rate,time/fps,train/actor_loss,train/critic_loss,train/ent_coef,train/ent_coef_loss,train/learning_rate,eval/mean_ep_length,eval/mean_reward,eval/success_rate,rollout/ep_len_mean
0,-26.420883178710938,0.0,125.0,-4.767929553985596,0.16381467878818512,0.985164225101471,-0.07523135840892792,9.999999747378752e-05,100.0,-28.38900375366211,0.0,100.0
1,-25.617353439331055,0.0,89.0,-7.743651866912842,0.33935287594795227,0.9465247988700867,-0.2772160470485687,9.999999747378752e-05,100.0,-22.375518798828125,0.0,100.0
2,-26.868167877197266,0.0,73.0,-10.467599868774414,0.6604723334312439,0.909403920173645,-0.4786968231201172,9.999999747378752e-05,,,,100.0
3,-27.165342330932617,0.0,72.0,-12.954425811767578,0.9600273370742798,0.8737411499023438,-0.67998868227005,9.999999747378752e-05,,,,100.0
4,-26.645919799804688,0.0,67.0,-15.199405670166016,1.4530763626098633,0.8394994139671326,-0.8816636204719543,9.999999747378752e-05,,,,100.0
