,rollout/ep_rew_mean,time/fps,train/actor_loss,train/critic_loss,train/ent_coef,train/ent_coef_loss,train/learning_rate,eval/mean_ep_length,eval/mean_reward,rollout/ep_len_mean
0,-180.74807739257812,95.0,-12.569869995117188,0.5859757661819458,0.9369881749153137,-0.5461266040802002,9.999999747378752e-05,225.0,-171.70843505859375,225.0
1,-172.02874755859375,64.0,-20.88223648071289,1.4906030893325806,0.8563032150268555,-1.302565336227417,9.999999747378752e-05,,,225.0
