,rollout/ep_rew_mean,time/fps,train/actor_loss,train/critic_loss,train/ent_coef,train/ent_coef_loss,train/learning_rate,rollout/ep_len_mean
0,-166.21417236328125,82.0,-14.418230056762695,0.14452992379665375,0.9232121109962463,-0.668904721736908,9.999999747378752e-05,225.0
1,-161.35011291503906,77.0,-22.531389236450195,0.6066828966140747,0.843742311000824,-1.4250274896621704,9.999999747378752e-05,225.0
2,-157.94125366210938,76.0,-28.56178092956543,0.9948534965515137,0.771121084690094,-2.1749424934387207,9.999999747378752e-05,225.0
