,rollout/ep_rew_mean,time/fps,train/actor_loss,train/critic_loss,train/ent_coef,train/ent_coef_loss,train/learning_rate,rollout/ep_len_mean
0,-147.29617309570312,47.0,-14.737597465515137,0.1992938220500946,0.9231835603713989,-0.6687052845954895,9.999999747378752e-05,225.0
