,rollout/ep_rew_mean,time/fps,train/actor_loss,train/critic_loss,train/ent_coef,train/ent_coef_loss,train/learning_rate,rollout/ep_len_mean
0,-159.31906127929688,83.0,-14.734257698059082,0.13405108451843262,0.9231649041175842,-0.6701774597167969,9.999999747378752e-05,225.0
