,train/actor_loss,train/critic_loss,train/ent_coef,train/ent_coef_loss,train/learning_rate,eval/mean_ep_length,eval/mean_reward,time/fps
0,-13.090315818786621,0.12532365322113037,0.9324488639831543,-0.5889096260070801,9.999999747378752e-05,200.0,-179.6247100830078,62.0
1,-22.61953353881836,0.1434006690979004,0.860743522644043,-1.2569724321365356,9.999999747378752e-05,200.0,-172.45559692382812,54.0
2,-30.609403610229492,2.2696924209594727,0.7946460247039795,-1.9139567613601685,9.999999747378752e-05,200.0,-193.34591674804688,51.0
3,-38.54659652709961,0.5990991592407227,0.7337507605552673,-2.5799171924591064,9.999999747378752e-05,200.0,-183.55027770996094,49.0
4,-45.17046356201172,0.6574468612670898,0.6776195764541626,-3.249446392059326,9.999999747378752e-05,,,48.0
