,rollout/ep_rew_mean,time/fps,train/actor_loss,train/critic_loss,train/ent_coef,train/ent_coef_loss,train/learning_rate,eval/mean_ep_length,eval/mean_reward,rollout/ep_len_mean
0,-182.88223266601562,87.0,-12.524955749511719,0.5761597752571106,0.9369874000549316,-0.5461347699165344,9.999999747378752e-05,225.0,-166.35069274902344,225.0
1,-179.1188201904297,79.0,-20.76305389404297,1.2759521007537842,0.856302797794342,-1.301934003829956,9.999999747378752e-05,,,225.0
2,-179.16329956054688,75.0,-26.993677139282227,1.2284924983978271,0.7826124429702759,-2.054499387741089,9.999999747378752e-05,,,225.0
3,-178.983642578125,73.0,-31.429906845092773,1.2097809314727783,0.7153443694114685,-2.799834966659546,9.999999747378752e-05,,,225.0
