,eval/mean_reward,time/fps,train/actor_loss,train/critic_loss,train/ent_coef,train/ent_coef_loss,train/learning_rate,eval/mean_ep_length
0,67.6971664428711,31.0,-19.012792587280273,2.377760887145996,0.9140139222145081,-0.9064435958862305,9.999999747378752e-05,250.0
1,80.77235412597656,30.0,-33.62520217895508,0.6664419174194336,0.8270352482795715,-1.9103176593780518,9.999999747378752e-05,250.0
