,rollout/ep_rew_mean,time/fps,train/actor_loss,train/critic_loss,train/ent_coef,train/ent_coef_loss,train/learning_rate,eval/mean_ep_length,eval/mean_reward,rollout/ep_len_mean
0,-72.2496109008789,77.0,-16.356962203979492,0.1673472821712494,0.9231762886047363,-0.6712307333946228,9.999999747378752e-05,225.0,-69.48788452148438,225.0
1,-69.6953353881836,67.0,-25.91990089416504,0.30764609575271606,0.8437185883522034,-1.431264042854309,9.999999747378752e-05,225.0,-70.84513092041016,225.0
2,-69.46370697021484,61.0,-33.85335159301758,1.735154628753662,0.7711867094039917,-2.164695978164673,9.999999747378752e-05,225.0,-66.35607147216797,225.0
3,-69.32920837402344,57.0,-39.729637145996094,0.7132320404052734,0.7051504254341125,-2.9073753356933594,9.999999747378752e-05,225.0,-68.18965148925781,225.0
4,-69.58473205566406,54.0,-44.87876510620117,1.4377224445343018,0.644853949546814,-3.6284680366516113,9.999999747378752e-05,225.0,-68.32451629638672,225.0
5,-69.289306640625,51.0,-48.58578109741211,1.85020112991333,0.5896342396736145,-4.358025074005127,9.999999747378752e-05,225.0,-65.9347915649414,225.0
6,-69.27987670898438,48.0,-50.62849044799805,7.612914085388184,0.5391829013824463,-5.038557529449463,9.999999747378752e-05,,,225.0
