,rollout/ep_rew_mean,time/fps,train/actor_loss,train/critic_loss,train/ent_coef,train/ent_coef_loss,train/learning_rate,eval/mean_ep_length,eval/mean_reward,rollout/ep_len_mean
0,-65.72799682617188,143.0,-16.17526626586914,1.769776701927185,0.9232261180877686,-0.6717820763587952,9.999999747378752e-05,225.0,-58.482139587402344,225.0
1,-65.61346435546875,128.0,-26.00109100341797,0.29275405406951904,0.8437509536743164,-1.4265817403793335,9.999999747378752e-05,225.0,-54.976959228515625,225.0
2,-65.84143829345703,118.0,-34.11140060424805,5.338798522949219,0.7711670398712158,-2.1588847637176514,9.999999747378752e-05,225.0,-62.30674743652344,225.0
3,-65.79496002197266,111.0,-40.32959747314453,0.48438096046447754,0.7049640417098999,-2.9172732830047607,9.999999747378752e-05,225.0,-56.99020767211914,225.0
4,-66.22828674316406,104.0,-44.42047882080078,2.4508633613586426,0.6446101665496826,-3.608489990234375,9.999999747378752e-05,,,225.0
