,train/actor_loss,train/critic_loss,train/learning_rate,time/fps
0,0.11520854383707047,0.1803479641675949,9.999999747378752e-05,174.0
