,rollout/ep_rew_mean,time/fps,train/actor_loss,train/critic_loss,train/ent_coef,train/ent_coef_loss,train/learning_rate,eval/mean_ep_length,eval/mean_reward,rollout/ep_len_mean
0,-64.79447937011719,72.0,-15.02394962310791,0.667924702167511,0.9323740601539612,-0.5880423188209534,9.999999747378752e-05,225.0,-66.04753112792969,225.0
1,-67.40079498291016,54.0,-24.068267822265625,1.795289397239685,0.8606711030006409,-1.2596499919891357,9.999999747378752e-05,225.0,-66.58198547363281,225.0
2,-66.1021957397461,40.0,-33.070213317871094,1.614144206047058,0.7788291573524475,-2.092820882797241,9.999999747378752e-05,,,225.0
