,train/actor_loss,train/critic_loss,train/ent_coef,train/ent_coef_loss,train/learning_rate,eval/mean_ep_length,eval/mean_reward,time/fps
0,-14.16681957244873,0.2336072474718094,0.9231911897659302,-0.66994708776474,9.999999747378752e-05,225.0,-140.9283447265625,76.0
1,-24.84636116027832,0.9233996272087097,0.8437304496765137,-1.4345474243164062,9.999999747378752e-05,,,67.0
