,rollout/ep_rew_mean,time/fps,train/actor_loss,train/critic_loss,train/ent_coef,train/ent_coef_loss,train/learning_rate,eval/mean_ep_length,eval/mean_reward,rollout/ep_len_mean
0,-68.34918212890625,72.0,-14.828588485717773,0.7330827713012695,0.9323412775993347,-0.5881017446517944,9.999999747378752e-05,225.0,-68.06651306152344,225.0
1,-68.26040649414062,55.0,-23.70779800415039,1.5908403396606445,0.8606622815132141,-1.2583030462265015,9.999999747378752e-05,225.0,-68.32316589355469,225.0
2,-68.91464233398438,40.0,-32.882667541503906,1.9637888669967651,0.7788509130477905,-2.0893239974975586,9.999999747378752e-05,,,225.0
